Units,ExecutionTime,
1,0.005693627,
2,0.01075983,
3,0.01626682,
4,0.02148981,
