Units,ExecutionTime,
1,0.005241775,
2,0.01038055,
3,0.01545639,
4,0.02087212,
5,0.02618179,
6,0.03108063,
7,0.03601532,
8,0.04160767,
9,0.04696999,
10,0.05262375,
11,0.05741692,
12,0.06239891,
13,0.06721421,
14,0.07284851,
15,0.07741737,
16,0.08374786,
17,0.0877224,
18,0.09318161,
19,0.09826317,
20,0.1037296,
21,0.1092518,
22,0.1192001,
23,0.1270866,
24,0.1274368,
25,0.1324814,
