Map Size,ExecutionTime,
100x100,0.004581017,
200x200,0.02081281,
300x300,0.04718362,
