Map Size,ExecutionTime,
2x2,0.1299127,
4x4,0.1287243,
8x8,0.1281678,
16x16,0.1286976,
32x32,0.1288555,
64x64,0.1284406,
128x128,0.1282766,
256x256,0.1288078,
512x512,0.1286564,
1024x1024,0.1286644,
2048x2048,0.130837,
4096x4096,0.132431,
