Map Size,ExecutionTime,
10x10,3.946716E-05,
20x20,0.0001548468,
30x30,0.0003520779,
40x40,0.0007366031,
50x50,0.001096322,
60x60,0.0015369,
70x70,0.002210662,
80x80,0.002979466,
90x90,0.00375312,
100x100,0.004752036,
