Map Size,ExecutionTime,
100x100,0.004832399,
200x200,0.02028153,
300x300,0.05006113,
400x400,0.08470265,
